<?xml version="1.0" encoding="UTF-8"?>
<metadata xml:lang="en"><Esri><CreaDate>20191217</CreaDate><CreaTime>09261400</CreaTime><ArcGISFormat>1.0</ArcGISFormat><SyncOnce>TRUE</SyncOnce><DataProperties><lineage><Process ToolSource="c:\program files (x86)\arcgis\desktop10.7\ArcToolbox\Toolboxes\Data Management Tools.tbx\CalculateField" Date="20191216" Time="140525">CalculateField jpn_admbnada_adm2_V10 x [FID] VB #</Process><Process ToolSource="c:\program files (x86)\arcgis\desktop10.7\ArcToolbox\Toolboxes\Data Management Tools.tbx\CalculateField" Date="20191216" Time="154758">CalculateField jpn_admbnada_adm2_V10 FID_X [FID] VB #</Process></lineage></DataProperties></Esri></metadata>
