<?xml version="1.0" encoding="UTF-8"?>
<metadata xml:lang="en"><Esri><CreaDate>20191217</CreaDate><CreaTime>09301200</CreaTime><ArcGISFormat>1.0</ArcGISFormat><SyncOnce>TRUE</SyncOnce><DataProperties><lineage><Process ToolSource="c:\program files (x86)\arcgis\desktop10.7\ArcToolbox\Toolboxes\Data Management Tools.tbx\CalculateField" Date="20191216" Time="160119">CalculateField jpn_admbnadl_all AdmLevel 99 VB #</Process><Process ToolSource="c:\program files (x86)\arcgis\desktop10.7\ArcToolbox\Toolboxes\Data Management Tools.tbx\CalculateField" Date="20191216" Time="160207">CalculateField jpn_admbnadl_all AdmLevel 1 VB #</Process><Process ToolSource="c:\program files (x86)\arcgis\desktop10.7\ArcToolbox\Toolboxes\Data Management Tools.tbx\CalculateField" Date="20191216" Time="160245">CalculateField jpn_admbnadl_all AdmLevel 2 VB #</Process></lineage></DataProperties></Esri></metadata>
